2000 Democratic,2000 Republican,2004 Democratic,2004 Republican
1.6050847457627118,1.5018867924528303,1.5739348370927317,1.5048543689320388
590.0,530.0,399.0,412.0
