2000 Democratic,2000 Republican,2004 Democratic,2004 Republican
1.4922279792746114,1.314176245210728,1.6397984886649875,1.3990267639902676
579.0,522.0,397.0,411.0
